64,0.55,467.53246753246754,36,77,839,84
54,0.55,518.5185185185185,42,81,827,92
62,0.65,521.7391304347826,36,69,857,74
64,1,533.3333333333334,8,22,963,15
61,0.95,533.3333333333334,8,15,970,15
52,0.5,564.7058823529412,48,85,822,93
58,0.15,578.9473684210526,176,304,332,364
51,0.15,583.3333333333334,182,338,350,312
60,0.15,584.6153846153846,190,325,342,333
40,0.75,596.4912280701755,34,62,881,57
56,0.15,606.25,194,320,341,339
51,0.5,615.3846153846154,56,91,812,97
46,0.2,630.2816901408451,179,308,408,284
56,0.2,635.0,127,200,464,336
49,0.6,637.3626373626373,58,123,786,91
59,0.2,642.1052631578947,122,190,451,359
53,0.15,646.3878326996198,170,263,350,387
63,0.7,647.0588235294117,22,47,919,34
38,0.15,647.6190476190476,204,315,358,327
64,0.3,650.0,130,200,577,223
46,0.15,650.1766784452296,184,283,322,395
56,0.6,650.7936507936508,41,66,871,63
27,1,666.6666666666666,24,36,927,37
58,0.3,668.5393258426966,119,178,614,208
52,0.55,670.8860759493671,53,79,822,99
49,0.15,673.4006734006734,200,297,369,334
63,0.3,676.9230769230769,132,195,609,196
63,0.15,677.0833333333334,195,351,361,288
49,0.2,682.4034334763949,159,233,428,339
46,0.5,684.7826086956521,63,92,801,107
49,0.45,687.5,66,126,778,96
50,0.7,689.6551724137931,40,58,870,72
44,0.15,690.2356902356902,205,297,335,368
40,0.65,691.4893617021277,65,96,810,94
55,0.55,692.3076923076923,72,104,790,106
50,0.35,692.3076923076923,117,169,651,180
58,0.45,693.1818181818181,61,88,817,95
41,0.65,696.969696969697,46,75,859,66
55,0.15,699.1869918699186,172,246,305,449
56,0.25,699.5073891625616,142,203,533,264
57,0.2,700.3891050583658,180,267,476,257
64,0.15,702.5862068965517,163,232,365,403
48,0.15,704.2801556420234,181,257,336,407
53,0.2,704.3010752688172,131,186,469,345
39,0.15,705.0359712230215,196,278,367,355
61,0.5,705.2631578947369,67,114,791,95
47,0.2,707.1129707112971,169,239,430,331
57,0.25,707.2072072072073,157,222,522,256
46,0.45,712.1212121212121,94,139,729,132
47,0.25,712.9186602870814,149,209,523,268
40,0.25,721.7391304347826,166,230,498,272
63,0.4,723.2142857142857,81,112,757,131
43,0.5,726.3157894736842,69,95,796,109
62,0.25,728.2608695652174,134,184,511,305
54,0.35,731.7073170731708,120,194,642,164
43,0.55,731.7073170731708,60,82,826,92
41,0.2,733.0827067669173,195,266,456,278
50,0.1,736.2204724409448,187,342,254,404
47,0.1,737.6425855513309,194,293,263,444
61,0.6,739.1304347826087,34,69,885,46
64,0.1,739.2996108949417,190,290,257,453
64,0.8,740.7407407407408,20,34,939,27
39,0.5,742.2680412371134,72,97,801,102
61,0.35,745.3416149068323,120,161,671,168
62,0.15,745.9677419354839,185,248,362,390
61,0.55,746.2686567164179,50,92,841,67
54,0.2,747.1698113207547,198,265,467,268
52,0.25,748.8986784140969,170,243,530,227
54,0.15,750.0,177,236,327,437
50,0.75,750.0,36,48,904,48
56,0.3,752.9411764705883,128,170,561,269
42,0.15,754.2662116040956,221,293,338,369
48,0.1,754.3859649122807,215,285,288,427
38,0.2,754.9407114624506,191,253,451,296
40,0.5,755.5555555555555,68,90,771,139
30,0.7,756.0975609756098,62,82,834,84
64,0.7,756.7567567567568,28,64,899,37
30,0.45,757.1428571428571,106,140,719,141
44,0.45,757.2815533980582,78,103,785,112
64,0.5,757.5757575757576,50,113,821,66
48,0.5,757.5757575757576,75,137,764,99
37,0.6,759.493670886076,60,79,827,94
58,0.2,761.1336032388664,188,288,465,247
57,0.1,761.9047619047619,192,252,275,473
52,0.65,761.9047619047619,32,42,907,51
59,0.15,762.3318385650224,170,223,387,390
41,0.1,762.6459143968872,196,294,257,449
64,0.4,764.0449438202247,68,89,774,137
60,0.1,765.2173913043479,176,230,245,525
51,0.35,766.4670658682635,128,214,619,167
47,0.4,767.4418604651163,99,129,716,155
28,0.8,769.2307692307693,40,52,885,63
37,0.15,771.0843373493976,192,249,365,386
40,0.15,776.5567765567765,212,273,367,360
45,0.15,776.824034334764,181,233,388,379
32,0.7,777.7777777777778,56,72,855,73
49,0.25,779.6610169491526,184,236,483,281
63,0.1,780.99173553719,189,242,246,512
39,0.1,785.15625,201,311,256,433
55,0.1,785.7142857142857,198,318,252,430
33,0.7,786.8852459016393,48,61,878,61
57,0.8,787.8787878787879,26,33,930,37
31,0.15,788.8888888888889,213,270,357,373
62,0.45,790.6976744186046,68,86,810,104
49,0.55,794.8717948717949,62,99,823,78
64,0.25,800.0,144,180,562,258
59,0.7,800.0,28,35,921,44
52,0.4,800.0,96,151,729,120
61,0.1,800.796812749004,201,288,251,461
29,0.25,801.8433179723502,174,218,565,217
45,0.35,802.8169014084507,114,142,639,219
34,0.15,804.270462633452,226,281,359,360
43,0.35,804.8780487804878,132,164,654,182
36,0.15,805.1948051948052,186,231,360,409
36,0.7,806.4516129032259,50,62,855,83
41,0.15,807.0175438596491,184,228,384,388
40,0.1,807.5471698113207,214,301,265,434
54,0.1,807.6923076923077,189,278,234,488
43,0.15,808.1632653061224,198,245,384,371
61,0.65,809.5238095238095,34,45,913,42
45,0.55,809.5238095238095,68,94,822,84
53,0.3,810.9756097560976,133,164,621,215
58,0.55,811.1111111111111,73,90,813,97
42,0.25,811.7154811715482,194,251,510,239
33,0.15,813.1487889273357,235,289,386,325
32,0.8,813.5593220338983,48,67,874,59
44,0.1,813.953488372093,210,317,258,425
59,0.85,814.8148148148148,22,27,945,28
36,0.2,815.3846153846154,212,260,460,280
50,0.2,815.5339805825242,168,206,444,350
52,0.45,818.1818181818181,99,145,734,121
43,0.75,818.1818181818181,36,44,909,47
29,0.85,818.1818181818181,36,44,910,46
45,0.2,820.5128205128206,160,195,429,376
48,0.25,822.5806451612904,153,186,542,272
63,1,823.5294117647059,14,17,962,21
59,0.9,823.5294117647059,14,17,960,23
49,0.1,823.5294117647059,210,367,255,378
52,0.2,825.0,165,200,452,348
46,0.3,825.1366120218579,151,186,631,183
40,0.55,826.0869565217391,76,92,816,92
53,0.6,827.5862068965517,48,66,876,58
52,0.15,828.0542986425339,183,221,337,442
61,0.15,829.5964125560538,185,223,349,428
59,0.1,830.3571428571429,186,224,295,481
50,0.15,831.6831683168317,168,202,354,444
38,0.1,832.0610687022901,218,299,262,439
32,0.1,832.1167883211679,228,274,277,449
44,0.2,832.579185520362,184,221,476,303
57,0.15,835.8974358974359,163,195,389,416
45,0.1,836.0655737704918,204,383,244,373
27,0.15,837.0607028753993,262,313,335,352
55,0.6,842.1052631578947,48,57,859,84
64,0.35,842.8571428571429,118,140,701,159
50,0.4,844.0366972477065,92,109,723,168
60,0.3,844.0860215053764,157,218,596,186
44,0.65,844.1558441558442,65,82,841,77
52,0.1,845.8333333333334,203,240,279,481
35,0.1,845.8498023715415,214,309,253,438
26,0.15,847.0149253731344,227,268,379,353
38,0.4,849.624060150376,113,151,716,133
37,0.25,851.1627906976744,183,215,516,269
27,0.7,852.9411764705883,58,68,844,88
57,0.3,853.1468531468531,122,143,610,247
47,0.65,853.6585365853658,35,41,901,58
39,0.25,853.7735849056604,181,212,532,256
37,0.8,854.1666666666666,41,68,884,48
54,0.6,854.5454545454545,47,55,867,78
42,0.5,855.2631578947369,65,76,818,106
60,0.7,857.1428571428571,30,85,880,35
57,0.45,857.1428571428571,78,91,809,100
53,0.55,857.1428571428571,48,109,835,56
33,0.65,857.1428571428571,48,56,857,87
27,0.85,857.1428571428571,18,21,950,29
58,0.1,857.7981651376147,187,288,218,494
48,0.2,858.0645161290323,133,155,503,342
55,0.4,858.4905660377359,91,106,748,146
37,0.65,859.6491228070175,49,57,860,83
29,0.15,859.9348534201954,264,310,383,307
44,0.25,861.5384615384615,168,195,506,299
34,0.1,862.7450980392157,220,305,255,440
30,0.9,864.8648648648649,32,37,922,41
44,0.3,865.3846153846154,135,156,608,236
46,0.1,866.3967611336033,214,247,265,488
43,0.1,867.7685950413223,210,293,242,465
43,0.25,869.3693693693693,193,222,527,251
64,0.65,869.5652173913044,40,53,901,46
50,0.45,871.2871287128713,88,109,790,101
62,0.1,871.4285714285714,183,299,210,491
55,0.2,872.2222222222222,157,180,433,387
52,0.35,873.3333333333334,131,201,649,150
53,0.1,876.6519823788547,199,298,227,475
58,0.4,878.5046728971963,94,174,719,107
42,0.2,878.7878787878788,174,198,467,335
63,0.55,880.0,44,54,896,50
32,0.15,880.3088803088804,228,259,374,367
30,0.15,880.6584362139918,214,243,365,392
59,0.4,881.3559322033898,104,163,719,118
42,0.3,883.1775700934579,189,214,564,222
42,0.1,884.1201716738198,206,337,233,430
60,0.35,884.297520661157,107,121,722,157
43,0.2,885.0,177,200,418,382
51,0.6,886.0759493670886,70,100,821,79
55,0.9,888.8888888888889,16,34,948,18
36,0.55,888.8888888888889,72,81,816,103
52,0.3,889.6551724137931,129,145,611,244
42,0.4,889.8305084745763,105,118,712,170
46,0.65,892.8571428571429,50,78,866,56
56,0.45,893.6170212765958,84,94,805,101
40,0.45,893.939393939394,118,132,718,150
32,0.65,897.0588235294117,61,68,863,69
57,0.5,900.0,72,168,752,80
48,0.75,900.0,36,50,910,40
47,1,900.0,18,27,953,20
51,0.2,901.0416666666666,173,192,442,366
60,0.75,903.2258064516129,28,53,916,31
47,0.6,903.2258064516129,56,62,860,78
41,0.45,905.982905982906,106,124,759,117
31,0.2,906.6666666666666,204,225,464,311
57,0.6,909.0909090909091,50,55,875,70
44,0.55,909.0909090909091,60,104,830,66
35,0.15,910.2564102564103,213,234,366,400
56,0.1,912.3505976095618,229,388,251,361
54,0.7,914.2857142857143,32,40,925,35
38,0.45,914.2857142857143,96,105,788,107
35,0.8,915.2542372881356,54,66,875,59
52,0.8,916.6666666666666,22,40,936,24
49,0.35,918.5185185185185,124,135,670,195
60,0.8,918.918918918919,34,37,918,45
33,0.2,919.047619047619,193,210,469,321
60,0.4,920.7920792079208,93,101,730,169
23,0.1,921.2328767123288,269,308,292,400
24,0.85,921.5686274509804,47,51,895,54
56,0.55,923.0769230769231,48,52,857,91
30,0.85,923.0769230769231,36,53,908,39
37,0.5,924.7311827956989,86,107,800,93
48,0.4,926.2295081967213,113,122,708,170
22,0.1,926.829268292683,266,303,287,410
35,0.2,928.2296650717703,194,209,462,329
43,0.3,928.5714285714286,169,182,622,196
38,0.75,931.0344827586207,54,95,847,58
35,0.5,931.5068493150685,68,94,833,73
29,0.9,933.3333333333334,28,44,926,30
35,0.6,934.7826086956521,86,92,797,111
27,0.2,935.483870967742,232,248,451,301
57,0.4,936.8421052631579,89,95,718,187
57,0.35,937.007874015748,119,127,695,178
63,0.35,937.5,120,128,678,194
56,0.4,938.0530973451328,106,113,735,152
54,0.45,938.7755102040817,92,132,770,98
34,0.85,941.1764705882352,32,41,925,34
47,0.15,942.4778761061947,213,226,327,447
39,0.7,943.3962264150944,50,70,877,53
30,0.2,944.6808510638298,222,235,425,340
32,0.3,945.3551912568306,173,183,624,193
64,0.2,947.0198675496689,143,151,403,446
61,0.7,947.3684210526316,36,38,909,53
40,0.4,950.354609929078,134,141,712,147
62,0.4,951.4563106796116,98,164,733,103
61,0.2,953.2163742690059,163,171,409,420
40,0.35,962.406015037594,128,133,647,220
56,0.5,962.9629629629629,78,85,834,81
28,0.25,963.1147540983607,235,250,506,244
51,0.25,963.855421686747,160,166,522,312
35,0.65,965.5172413793103,56,72,870,58
60,0.2,967.9487179487179,151,156,477,367
43,0.4,968.0,121,125,730,145
37,0.1,968.3794466403162,245,344,253,403
58,0.75,968.75,31,32,929,39
39,0.55,968.75,62,64,837,99
53,0.45,969.0721649484536,94,149,754,97
48,0.35,969.2307692307693,126,130,679,191
29,0.1,969.9248120300751,258,318,266,416
31,0.4,971.0144927536232,134,138,711,151
27,0.35,971.2230215827338,135,139,665,196
27,0.25,971.4285714285714,204,210,546,244
39,0.6,972.2222222222222,70,72,831,97
24,0.15,972.8813559322034,287,295,348,357
30,0.35,973.6842105263158,148,152,657,191
53,0.7,975.609756097561,40,41,891,68
35,0.9,975.609756097561,40,55,904,41
54,0.25,976.0479041916168,163,167,526,307
27,0.4,977.9411764705883,133,136,717,147
37,0.2,978.7234042553191,184,188,467,345
25,0.15,979.8657718120805,292,298,373,329
34,0.55,983.0508474576271,58,59,831,110
26,0.4,984.2519685039371,125,127,728,145
49,0.4,984.4961240310078,127,129,719,152
62,0.5,985.0746268656717,66,133,800,67
45,0.5,986.4864864864865,73,74,802,124
30,0.5,987.6543209876543,80,81,779,140
30,0.1,988.5057471264367,258,307,261,432
34,0.5,989.247311827957,92,108,799,93
51,0.4,989.4736842105264,94,95,749,156
24,0.2,992.4812030075188,264,266,446,288
28,0.15,992.6470588235294,270,272,386,342
63,0.25,992.9078014184397,140,141,545,314
55,0.25,993.3333333333334,149,150,504,346
46,0.25,993.3333333333334,149,150,560,290
63,0.2,994.2196531791908,172,173,464,363
33,0.3,994.7643979057592,190,191,600,209
54,0.9,1000.0,14,14,968,18
46,0.7,1000.0,42,42,890,68
46,0.9,1000.0,26,39,935,26
46,1,1000.0,22,41,937,22
45,0.8,1000.0,40,46,914,40
39,0.3,1000.0,164,164,583,253
36,0.95,1000.0,22,22,953,25
32,0.75,1000.0,52,52,894,54
31,0.3,1000.0,181,181,612,207
27,0.65,1000.0,69,69,854,77
51,0.1,1004.8309178743962,208,290,207,503
34,0.2,1009.6618357487922,209,207,474,319
24,0.55,1010.0,101,100,780,120
39,0.45,1010.752688172043,94,149,758,93
62,0.2,1011.8343195266273,171,169,446,385
28,0.1,1012.1951219512196,249,352,246,402
45,0.3,1012.6582278481013,160,158,590,252
27,0.6,1012.6582278481013,80,79,821,100
22,0.15,1014.0845070422536,288,284,368,348
30,0.25,1018.4331797235023,221,217,509,274
50,0.65,1019.6078431372549,52,51,885,64
59,0.25,1020.4081632653061,150,147,548,305
48,0.65,1020.4081632653061,50,74,877,49
40,0.2,1020.4081632653061,200,196,430,374
27,0.1,1020.4081632653061,250,361,245,394
53,0.65,1021.2765957446809,48,90,863,47
51,0.75,1021.2765957446809,48,80,873,47
19,0.8,1021.2765957446809,48,47,900,53
47,0.35,1021.4285714285714,143,140,646,214
61,0.25,1022.5563909774436,136,133,552,315
60,0.6,1023.2558139534884,44,43,897,60
60,0.45,1023.5294117647059,87,85,762,153
27,0.55,1025.0,82,80,836,84
29,0.55,1025.974025974026,79,77,793,130
49,0.3,1026.4900662251655,155,151,592,257
49,0.65,1027.027027027027,38,75,888,37
60,0.25,1027.2108843537414,151,147,541,312
59,0.45,1027.7777777777778,74,72,792,136
25,0.95,1028.5714285714287,36,35,923,42
33,0.8,1033.3333333333333,62,60,871,69
27,0.3,1034.2857142857142,181,192,633,175
19,0.15,1034.8432055749129,297,287,360,353
23,0.2,1036.144578313253,258,249,467,284
39,0.2,1036.842105263158,197,190,452,358
27,0.9,1037.037037037037,28,27,944,29
24,0.1,1038.9105058365758,267,277,257,466
43,0.45,1040.0,78,75,799,126
45,0.25,1040.2298850574712,181,174,503,323
34,0.35,1041.3223140495868,126,121,686,193
26,0.85,1043.4782608695652,48,46,904,50
24,0.75,1043.4782608695652,48,46,877,77
25,0.1,1043.6507936507937,263,275,252,473
31,0.25,1044.4444444444443,235,225,500,275
31,0.1,1044.7154471544716,257,295,246,459
46,0.55,1046.1538461538462,68,65,846,89
26,0.6,1046.1538461538462,68,69,866,65
36,0.1,1046.218487394958,249,355,238,407
37,0.45,1047.0588235294117,89,85,772,143
55,0.65,1047.6190476190477,44,42,897,61
44,0.35,1048.780487804878,129,179,698,123
37,0.4,1048.780487804878,129,123,722,155
41,0.8,1052.6315789473683,40,38,921,41
30,0.3,1053.8922155688622,176,167,617,216
31,0.85,1055.5555555555557,38,47,917,36
34,0.4,1057.142857142857,111,105,754,141
62,1,1058.8235294117646,18,17,952,31
61,0.8,1058.8235294117646,18,17,953,30
54,0.75,1058.8235294117646,36,83,883,34
37,0.7,1058.8235294117646,54,51,873,76
32,0.2,1059.1397849462367,197,186,494,320
26,0.5,1060.9756097560976,87,101,817,82
21,0.2,1061.2244897959183,260,245,461,294
29,0.4,1061.4035087719299,121,114,749,137
48,0.7,1062.5,34,32,924,44
33,0.55,1062.5,85,80,814,106
33,0.75,1062.5,68,93,843,64
42,0.9,1064.516129032258,33,46,923,31
28,0.5,1068.4931506849316,78,96,831,73
38,0.8,1069.7674418604652,46,60,897,43
34,0.45,1070.7070707070707,106,99,790,111
50,0.6,1071.4285714285713,60,69,875,56
26,0.75,1071.4285714285713,60,57,887,56
32,0.45,1072.1649484536083,104,97,749,154
59,0.55,1073.5294117647059,73,119,813,68
37,0.55,1074.6268656716418,72,67,825,108
54,0.3,1075.7575757575758,142,132,568,300
32,0.95,1076.923076923077,28,26,933,41
33,0.35,1078.313253012048,179,166,665,169
28,0.6,1079.3650793650793,68,63,829,108
19,0.7,1079.3650793650793,68,63,861,76
59,0.65,1081.081081081081,40,89,874,37
33,0.5,1082.1917808219177,79,73,808,119
35,0.25,1084.6560846560847,205,189,557,254
18,0.15,1084.8056537102473,307,283,356,361
23,0.9,1085.1063829787233,51,56,897,47
47,0.75,1085.7142857142858,38,47,918,35
40,0.85,1085.7142857142858,38,35,924,41
38,0.7,1087.719298245614,62,57,865,78
60,0.55,1088.235294117647,37,34,886,80
24,0.65,1088.235294117647,74,68,863,69
24,0.25,1088.6699507389162,221,203,552,245
22,0.2,1088.9830508474577,257,236,465,299
35,0.35,1089.041095890411,159,164,690,146
53,1,1090.909090909091,12,12,977,11
44,0.95,1090.909090909091,24,50,928,22
33,0.9,1090.909090909091,36,58,909,33
41,0.25,1092.5925925925926,177,162,547,291
55,0.45,1095.2380952380952,92,84,749,167
51,0.9,1095.2380952380952,23,23,956,21
36,0.45,1095.2380952380952,92,84,767,149
23,0.95,1095.2380952380952,46,50,908,42
56,0.75,1096.774193548387,34,47,922,31
39,0.35,1096.969696969697,181,165,653,182
50,0.25,1098.4848484848485,145,132,511,357
25,0.2,1101.7699115044247,249,226,484,290
62,0.6,1103.448275862069,32,96,875,29
46,0.85,1103.448275862069,32,53,918,29
32,0.85,1105.2631578947369,42,38,917,45
48,0.6,1106.3829787234042,52,47,864,89
61,0.4,1107.52688172043,103,93,786,121
32,0.25,1107.52688172043,206,186,567,247
38,0.25,1108.8082901554403,214,193,545,262
58,0.35,1110.1694915254238,131,118,694,188
50,0.95,1111.111111111111,20,33,949,18
47,0.7,1111.111111111111,30,27,936,37
31,0.9,1111.111111111111,20,27,955,18
31,0.95,1111.111111111111,20,18,960,22
27,0.75,1111.111111111111,60,54,880,66
44,0.4,1112.2448979591836,109,171,731,98
21,0.1,1113.2075471698113,295,280,265,455
21,0.15,1115.079365079365,281,252,389,359
58,0.7,1117.6470588235295,38,34,913,53
30,0.75,1119.047619047619,47,42,876,82
33,0.1,1119.1489361702127,263,383,235,382
48,0.55,1120.6896551724137,65,58,858,84
52,0.7,1121.2121212121212,37,33,915,52
58,0.5,1121.6216216216217,83,74,793,133
24,1,1121.9512195121952,46,46,913,41
23,0.8,1122.4489795918366,55,49,901,50
60,0.85,1125.0,18,34,950,16
59,0.95,1125.0,18,28,956,16
41,0.6,1125.0,54,48,852,100
36,0.6,1125.0,63,56,866,78
24,0.6,1129.4117647058824,96,94,821,85
44,0.9,1130.4347826086957,26,32,945,23
34,0.8,1130.4347826086957,52,46,898,56
41,0.4,1131.3131313131314,112,99,732,169
36,0.3,1132.3529411764705,154,136,613,251
31,0.55,1133.3333333333333,68,60,830,110
45,0.7,1135.1351351351352,42,69,894,37
23,0.25,1135.2657004830917,235,207,556,237
23,0.15,1136.1702127659576,267,235,397,368
58,0.8,1136.3636363636363,25,39,939,22
20,0.15,1137.3239436619717,323,284,369,347
26,0.1,1137.6518218623482,281,247,314,439
34,0.9,1137.9310344827586,33,40,931,29
35,0.55,1139.240506329114,90,79,809,112
21,0.25,1139.240506329114,270,237,518,245
44,0.6,1140.3508771929824,65,91,852,57
50,0.3,1140.625,146,128,604,268
17,0.15,1142.3728813559321,337,295,377,328
53,0.25,1144.8275862068965,166,145,522,333
25,0.25,1144.927536231884,237,207,566,227
36,0.4,1146.788990825688,125,109,727,164
55,0.35,1147.0588235294117,117,102,689,209
29,0.75,1150.0,46,40,904,56
34,0.25,1151.8987341772151,182,158,552,290
45,0.6,1156.862745098039,59,96,853,51
51,0.85,1157.8947368421052,22,36,945,19
45,0.95,1157.8947368421052,22,32,949,19
55,0.3,1158.3333333333333,139,120,602,278
48,0.45,1158.5365853658536,95,82,790,128
16,0.1,1158.6206896551723,336,312,290,398
36,0.35,1159.6638655462184,138,119,652,229
64,0.85,1161.2903225806451,36,42,927,31
48,0.3,1163.4615384615386,121,104,634,262
32,0.4,1163.7931034482758,135,116,728,156
58,0.25,1164.1791044776119,156,134,509,357
60,0.95,1166.6666666666667,14,12,972,16
38,0.3,1166.6666666666667,203,174,617,209
38,0.6,1166.6666666666667,56,48,844,108
36,0.25,1166.6666666666667,189,162,551,287
30,0.8,1166.6666666666667,21,21,961,18
30,1,1166.6666666666667,28,24,943,33
12,0.15,1166.6666666666667,364,312,345,343
56,0.35,1170.0,117,100,699,201
55,0.7,1171.4285714285713,41,72,893,35
26,0.45,1171.7171717171718,116,117,784,99
62,0.3,1172.1311475409836,143,122,572,306
19,0.1,1172.690763052209,292,351,249,400
34,0.75,1176.4705882352941,40,34,881,85
25,1,1176.4705882352941,40,34,924,42
23,0.65,1176.4705882352941,80,68,859,73
24,0.35,1181.159420289855,163,138,682,180
29,0.2,1181.3186813186812,215,182,492,326
49,1,1181.8181818181818,26,22,956,22
42,0.65,1181.8181818181818,52,103,853,44
32,0.35,1182.4817518248176,162,137,706,157
25,0.65,1184.6153846153845,77,65,844,91
18,0.25,1185.1851851851852,256,216,513,271
26,0.2,1186.5284974093265,229,193,504,303
59,0.3,1186.9158878504672,127,107,605,288
27,0.45,1187.5,95,80,756,164
20,0.1,1187.5,342,334,288,378
39,0.85,1189.1891891891892,44,37,926,37
29,0.45,1190.4761904761904,100,84,773,143
16,0.15,1190.6354515050168,356,299,362,339
34,0.65,1191.4893617021276,56,47,859,94
61,0.75,1192.3076923076924,31,26,928,46
26,0.7,1192.3076923076924,62,60,888,52
25,0.3,1193.1818181818182,210,176,612,212
25,0.45,1196.2616822429907,128,113,780,107
63,0.75,1200.0,30,59,916,25
58,0.95,1200.0,12,27,963,10
20,1,1200.0,36,38,932,30
26,0.25,1201.1173184357542,215,179,568,253
60,0.05,1205.6737588652481,170,382,141,477
50,0.55,1206.896551724138,70,162,780,58
39,0.75,1207.5471698113208,64,53,876,71
31,0.75,1208.3333333333333,58,48,880,72
58,0.05,1208.955223880597,162,349,134,517
26,0.8,1209.3023255813953,52,43,902,55
31,0.6,1209.6774193548388,75,72,866,62
22,0.9,1210.5263157894738,46,38,917,45
20,0.55,1212.5,97,80,826,94
57,0.7,1216.2162162162163,45,37,904,59
46,0.95,1217.391304347826,28,50,927,23
39,0.95,1217.391304347826,28,23,946,31
37,1,1217.391304347826,28,23,948,29
37,0.3,1220.3389830508474,144,118,602,280
37,0.35,1220.3389830508474,144,118,649,233
62,0.75,1222.2222222222222,22,69,913,18
57,0.9,1222.2222222222222,22,37,945,18
31,0.35,1222.2222222222222,132,108,687,205
28,0.45,1222.2222222222222,99,81,798,121
18,0.3,1222.7979274611398,236,193,589,218
26,0.35,1222.972972972973,181,153,699,148
21,0.5,1224.4897959183672,120,98,787,115
19,0.2,1225.0,245,200,490,310
51,0.05,1226.4150943396226,195,311,159,530
51,0.55,1226.4150943396226,65,147,800,53
35,0.3,1229.8850574712644,214,174,600,226
28,0.85,1230.7692307692307,32,47,927,26
14,0.1,1232.5581395348838,371,301,301,398
55,0.5,1233.3333333333333,74,60,828,112
61,0.45,1234.375,79,64,815,121
47,0.45,1234.567901234568,100,81,768,151
23,0.55,1234.567901234568,100,81,813,106
18,0.4,1237.037037037037,167,135,715,150
47,0.55,1239.1304347826087,57,95,859,46
47,0.5,1239.4366197183099,88,71,812,117
46,0.4,1239.5833333333333,119,96,734,170
17,0.2,1239.6694214876034,300,242,482,276
53,0.9,1240.0,31,35,940,25
52,0.85,1240.0,31,28,947,25
26,1,1241.3793103448277,36,29,937,34
30,0.65,1245.6140350877192,71,57,868,75
22,0.25,1248.826291079812,266,213,547,240
15,0.1,1249.0566037735848,331,339,265,396
59,0.35,1250.0,105,84,709,207
58,0.6,1250.0,50,60,900,40
53,0.8,1250.0,30,39,937,24
45,0.85,1250.0,40,32,933,35
44,0.75,1250.0,50,64,896,40
27,0.8,1250.0,50,57,903,40
20,0.9,1250.0,40,41,927,32
19,0.6,1253.3333333333333,94,78,847,75
18,0.1,1254.681647940075,335,327,267,406
43,0.7,1255.3191489361702,59,47,896,57
25,0.35,1255.639097744361,167,133,681,186
53,0.4,1256.0975609756097,103,82,717,201
30,0.55,1257.142857142857,88,70,836,94
19,0.35,1257.8125,161,128,724,148
33,1,1263.157894736842,48,38,906,56
23,1,1263.157894736842,48,49,913,38
15,0.95,1263.157894736842,48,38,908,54
60,0.5,1265.3061224489795,62,49,820,131
40,0.6,1265.3061224489795,62,49,873,78
21,0.8,1268.2926829268292,52,41,912,47
56,1,1272.7272727272727,14,30,959,11
52,0.6,1272.7272727272727,56,147,809,44
25,0.6,1272.7272727272727,84,66,834,100
22,0.55,1272.7272727272727,98,77,814,109
45,0.65,1275.0,51,71,889,40
22,0.3,1277.1084337349398,212,166,643,191
33,0.25,1277.7777777777778,207,162,567,271
12,0.2,1279.6934865900382,334,261,442,297
25,0.55,1280.0,96,75,813,112
61,0.3,1282.828282828283,127,99,607,294
57,0.05,1284.6153846153845,167,411,130,459
28,0.3,1285.7142857142858,180,140,642,218
38,0.35,1290.0,129,100,692,208
32,0.6,1295.4545454545455,57,44,843,113
16,0.3,1296.0893854748604,232,179,641,180
64,0.95,1300.0,26,47,933,20
48,0.9,1300.0,26,20,948,32
28,0.95,1300.0,26,26,954,20
17,0.8,1300.0,52,40,911,49
53,0.35,1303.030303030303,129,99,688,213
18,0.2,1304.8128342245989,244,187,479,334
38,0.55,1306.1224489795918,64,86,865,49
40,0.3,1307.6923076923076,170,130,627,243
27,0.95,1307.6923076923076,34,41,933,26
28,0.35,1308.411214953271,140,107,702,191
16,0.35,1310.55900621118,211,161,656,183
45,0.45,1310.8108108108108,97,74,824,102
28,0.2,1311.2244897959183,257,196,474,330
28,0.55,1312.5,84,89,847,64
18,0.6,1313.2530120481927,109,83,820,97
61,0.05,1314.0495867768595,159,339,121,540
24,0.5,1315.0684931506848,96,92,835,73
35,0.7,1315.7894736842106,50,38,883,79
59,0.5,1316.6666666666667,79,60,811,129
28,0.65,1317.0731707317073,54,41,911,48
25,0.8,1318.1818181818182,58,45,911,44
20,0.2,1319.6347031963471,289,219,497,284
36,0.5,1323.5294117647059,90,68,778,154
24,0.3,1324.1379310344828,192,145,629,226
21,0.85,1325.5813953488373,57,43,914,43
25,0.4,1326.3157894736842,126,95,752,153
21,0.45,1327.5862068965516,154,116,752,132
19,0.5,1329.787234042553,125,94,807,99
30,0.4,1330.188679245283,141,106,739,155
42,0.7,1333.3333333333333,48,36,904,60
24,0.95,1333.3333333333333,44,41,926,33
19,0.95,1333.3333333333333,40,41,929,30
16,0.2,1333.3333333333333,324,243,463,294
29,0.35,1336.2068965517242,155,116,736,148
62,0.35,1337.2093023255813,115,86,714,200
57,0.55,1340.909090909091,59,44,872,84
22,0.4,1341.2698412698412,169,126,734,140
22,0.35,1342.6573426573427,192,143,701,156
21,0.65,1343.2835820895523,90,67,850,83
54,0.5,1345.4545454545455,74,55,846,99
9,0.15,1346.1538461538462,385,286,379,335
22,0.7,1347.8260869565217,62,46,875,79
29,0.5,1351.3513513513512,100,74,802,124
21,0.35,1353.3834586466166,180,133,658,209
39,0.8,1354.8387096774193,42,72,897,31
51,0.3,1357.7981651376147,148,109,593,298
18,0.5,1358.0246913580247,110,81,829,90
47,0.3,1360.0,170,125,621,254
22,0.95,1363.6363636363637,30,42,936,22
20,0.75,1363.6363636363637,60,52,904,44
13,0.1,1364.963503649635,374,274,282,444
34,0.6,1365.8536585365853,56,103,856,41
26,0.3,1366.6666666666667,205,150,659,191
23,0.35,1366.9064748201438,190,139,714,147
64,0.75,1368.421052631579,26,19,947,34
46,0.75,1368.421052631579,26,34,947,19
25,0.7,1368.421052631579,52,58,904,38
20,0.65,1371.4285714285713,48,56,909,35
20,0.3,1371.6216216216217,203,148,659,193
26,0.65,1372.8813559322034,81,59,849,92
45,0.05,1373.2394366197184,195,293,142,565
61,0.85,1375.0,22,16,953,31
57,0.95,1375.0,22,31,953,16
29,0.6,1375.0,66,48,860,92
21,0.75,1375.0,66,48,878,74
11,0.1,1375.4152823920265,414,301,326,373
23,0.3,1375.7961783439491,216,157,626,217
23,0.7,1377.7777777777778,62,52,903,45
23,0.5,1378.3783783783783,102,90,836,74
50,0.05,1380.0,207,388,150,462
47,0.05,1380.281690140845,196,331,142,527
17,0.6,1383.5616438356165,101,76,851,73
46,0.05,1384.0579710144928,191,376,138,486
22,0.75,1391.304347826087,64,46,908,46
29,0.3,1393.939393939394,184,132,644,224
28,1,1400.0,42,42,928,30
14,0.25,1400.9661835748793,290,207,551,242
17,0.35,1403.9735099337747,212,151,660,189
20,0.45,1406.5934065934066,128,91,789,120
19,0.25,1411.0429447852762,230,163,559,278
56,0.05,1411.764705882353,168,320,119,561
20,0.35,1412.9032258064517,219,155,680,165
25,0.75,1414.6341463414635,58,75,884,41
35,0.75,1416.6666666666667,34,47,929,24
19,0.75,1416.6666666666667,68,48,888,64
17,0.1,1418.9723320158103,359,253,310,437
49,0.05,1419.1176470588234,193,344,136,520
64,0.05,1423.7288135593221,168,329,118,553
16,0.6,1423.7288135593221,84,70,871,59
56,0.7,1428.5714285714287,50,35,906,59
47,0.85,1428.5714285714287,30,63,916,21
42,0.35,1428.5714285714287,140,98,638,264
29,1,1428.5714285714287,20,33,953,14
15,0.6,1428.5714285714287,120,88,828,84
42,0.05,1429.5774647887324,203,316,142,542
19,0.4,1429.6296296296296,193,135,722,143
13,0.15,1431.9066147859921,368,257,386,357
55,0.05,1432.4324324324325,159,348,111,541
32,0.5,1433.3333333333333,86,60,820,120
24,0.4,1436.3636363636363,158,110,757,133
54,0.05,1436.5079365079366,181,379,126,495
15,0.2,1437.2093023255813,309,215,486,299
31,0.65,1437.5,46,32,858,110
19,0.65,1437.5,69,48,856,96
19,0.9,1437.5,46,32,922,46
51,0.8,1440.0,36,25,946,29
59,0.05,1444.4444444444443,156,316,108,576
50,0.8,1448.2758620689656,42,66,905,29
26,0.55,1448.2758620689656,84,58,828,114
24,0.9,1448.2758620689656,42,29,924,47
28,0.7,1450.0,58,40,880,80
15,0.3,1450.0,261,180,594,226
21,0.6,1451.6129032258063,90,62,849,89
43,1,1454.5454545454545,32,58,920,22
29,0.65,1457.142857142857,51,35,922,43
49,0.5,1458.3333333333333,70,137,815,48
53,0.5,1460.0,73,50,828,122
13,0.5,1460.1769911504425,165,113,772,115
51,0.65,1461.5384615384614,38,63,911,26
50,1,1461.5384615384614,19,30,957,13
9,0.2,1461.8320610687024,383,262,453,285
14,0.4,1462.121212121212,193,132,732,136
40,0.8,1464.2857142857142,41,74,898,28
40,0.9,1470.5882352941176,50,40,926,34
31,0.45,1472.972972972973,109,74,826,100
50,0.5,1473.6842105263158,84,133,810,57
24,0.45,1477.2727272727273,130,88,758,154
28,0.4,1480.3921568627452,151,102,773,125
20,0.6,1481.4814814814815,80,54,850,96
22,0.45,1483.5164835164835,135,91,798,111
57,0.65,1483.8709677419354,46,31,899,70
26,0.9,1483.8709677419354,46,31,932,37
12,0.1,1487.603305785124,360,358,242,400
20,0.5,1488.6363636363637,131,88,802,110
41,0.55,1489.795918367347,73,125,826,49
19,0.3,1490.0662251655629,225,151,647,202
45,0.4,1494.2528735632184,130,87,729,184
62,0.8,1500.0,30,71,909,20
60,0.9,1500.0,18,12,968,20
58,0.85,1500.0,24,16,957,27
57,0.85,1500.0,24,53,931,16
56,0.65,1500.0,48,72,896,32
48,0.95,1500.0,42,28,943,29
44,0.7,1500.0,60,80,880,40
39,0.4,1500.0,132,88,722,190
39,0.65,1500.0,48,38,930,32
23,0.45,1500.0,132,88,776,136
10,0.1,1503.4965034965035,430,286,298,416
62,0.05,1504.3478260869565,173,376,115,509
9,0.25,1506.4935064935064,348,231,525,244
13,0.2,1509.433962264151,320,212,515,273
44,0.5,1509.8039215686274,77,51,812,137
52,0.05,1512.0,189,335,125,540
18,0.9,1512.1951219512196,62,41,903,56
18,0.35,1514.0845070422536,215,142,678,180
12,0.35,1514.0845070422536,215,142,698,160
41,0.35,1514.2857142857142,159,105,695,200
23,0.4,1515.7894736842106,144,95,748,157
63,0.05,1517.2413793103449,176,338,116,546
21,0.4,1517.2413793103449,176,124,760,116
44,0.05,1521.1267605633802,216,351,142,507
15,0.25,1521.4723926380368,248,163,555,282
19,1,1523.8095238095239,32,34,945,21
15,0.35,1525.974025974026,235,154,679,167
18,0.85,1526.3157894736842,58,45,917,38
54,0.4,1528.5714285714287,107,70,725,205
30,0.95,1529.4117647058824,26,17,941,42
22,0.6,1531.25,98,64,833,103
25,0.5,1537.313432835821,103,67,802,131
51,0.95,1538.4615384615386,20,27,960,13
43,0.85,1538.4615384615386,20,13,969,18
33,0.95,1538.4615384615386,40,53,921,26
13,0.25,1542.857142857143,270,175,565,260
18,0.65,1543.859649122807,88,57,873,70
51,0.45,1553.8461538461538,101,65,788,147
52,1,1555.5555555555557,14,31,960,9
20,0.8,1555.5555555555557,56,36,897,67
15,0.75,1555.5555555555557,98,63,870,67
15,0.9,1555.5555555555557,56,44,920,36
17,0.3,1556.291390728477,235,151,639,210
20,0.25,1558.4415584415585,240,154,596,250
57,0.75,1560.0,39,25,929,46
10,0.15,1560.3112840466927,401,257,404,339
14,0.15,1560.344827586207,362,232,420,348
16,0.4,1561.98347107438,189,121,699,180
41,0.3,1562.5,200,128,628,244
14,0.2,1562.5,325,208,483,309
6,0.15,1565.079365079365,493,315,357,328
59,0.75,1565.2173913043478,36,23,934,43
22,1,1565.2173913043478,36,23,940,37
59,0.6,1566.6666666666667,47,30,901,69
42,0.8,1571.4285714285713,44,76,896,28
21,0.9,1571.4285714285713,44,50,922,28
49,0.75,1575.7575757575758,52,75,892,33
23,0.6,1578.9473684210527,60,82,880,38
15,0.45,1580.952380952381,166,105,763,132
9,0.1,1582.6771653543308,402,364,254,382
50,0.85,1583.3333333333333,38,67,909,24
43,0.6,1583.3333333333333,38,102,874,24
14,1,1583.3333333333333,38,25,951,24
19,0.45,1584.2696629213483,141,89,777,134
15,0.85,1589.7435897435898,62,39,916,45
17,0.55,1594.2028985507247,110,69,825,106
35,0.05,1594.4055944055945,228,395,143,462
39,0.05,1594.8275862068965,185,394,116,490
12,0.3,1597.7653631284916,286,179,614,207
27,0.5,1603.1746031746031,101,63,780,157
51,0.7,1606.060606060606,53,127,840,33
15,0.55,1607.142857142857,135,84,811,105
16,0.75,1607.8431372549019,82,63,886,51
34,0.3,1611.5107913669065,224,139,615,246
16,0.25,1614.4578313253012,268,166,578,256
53,0.05,1615.3846153846155,210,385,130,485
34,0.05,1615.9420289855072,223,392,138,470
19,0.55,1616.6666666666667,97,60,845,95
15,0.4,1619.4690265486727,183,120,767,113
35,0.4,1619.718309859155,115,71,777,152
30,0.05,1620.4379562043796,222,314,137,549
15,0.15,1621.4953271028037,347,214,393,393
12,0.5,1621.6216216216217,180,111,751,138
12,0.4,1621.8487394957983,193,119,718,163
20,0.7,1625.0,52,32,903,65
38,0.05,1625.8992805755395,226,356,139,505
46,0.35,1628.8659793814434,158,97,675,228
33,0.4,1629.2134831460673,145,89,766,145
28,0.9,1629.6296296296296,44,44,929,27
22,0.85,1629.6296296296296,44,47,926,27
12,0.25,1631.868131868132,297,182,549,269
17,0.25,1633.1360946745563,276,169,586,245
31,0.05,1634.4827586206898,237,372,145,483
12,0.75,1640.0,82,50,898,52
25,0.85,1642.857142857143,46,28,917,55
21,1,1642.857142857143,46,28,921,51
18,0.75,1644.4444444444443,74,45,895,60
38,1,1647.0588235294117,28,49,934,17
45,1,1650.0,33,50,930,20
43,0.8,1652.1739130434783,38,23,928,49
16,1,1652.1739130434783,38,23,942,35
7,0.1,1652.317880794702,499,348,302,350
8,0.1,1653.1986531986531,491,308,297,395
17,0.65,1653.8461538461538,86,52,892,56
48,0.05,1655.4621848739496,197,398,119,483
13,0.6,1658.8235294117646,141,85,823,92
18,0.55,1661.5384615384614,108,92,843,65
64,0.6,1666.6666666666667,45,27,890,83
36,0.8,1666.6666666666667,30,18,937,45
35,0.45,1666.6666666666667,100,60,831,109
43,0.05,1669.5652173913043,192,427,115,458
17,0.45,1670.5882352941176,142,104,811,85
15,0.5,1681.8181818181818,148,88,777,135
53,0.85,1692.3076923076924,22,64,923,13
42,0.75,1692.3076923076924,44,67,907,26
13,0.4,1692.3076923076924,198,117,712,171
10,0.25,1694.5812807881773,344,203,568,229
9,0.3,1697.8021978021977,309,182,618,200
13,0.3,1700.0,255,150,666,184
21,0.3,1704.5454545454545,225,132,632,236
57,1,1714.2857142857142,12,30,963,7
48,0.8,1724.1379310344828,50,59,912,29
10,0.2,1724.6376811594203,357,207,529,264
32,0.55,1725.0,69,40,899,61
9,0.4,1726.6666666666667,259,150,685,165
14,0.45,1727.2727272727273,152,88,808,104
18,0.7,1736.842105263158,66,38,880,82
23,0.05,1738.255033557047,259,340,149,511
62,0.7,1739.1304347826087,40,23,913,64
36,0.05,1746.376811594203,241,381,138,481
63,0.6,1750.0,49,28,894,78
43,0.65,1750.0,56,129,839,32
42,0.6,1750.0,35,102,878,20
39,1,1750.0,28,38,946,16
28,0.05,1753.5211267605634,249,427,142,431
41,0.7,1760.0,44,63,912,25
40,0.7,1760.0,44,32,943,25
32,0.05,1761.5384615384614,229,369,130,501
36,0.65,1761.904761904762,37,91,888,21
36,1,1764.7058823529412,30,57,926,17
20,0.4,1767.4418604651162,152,86,751,163
24,0.05,1770.7006369426751,278,324,157,519
14,0.6,1775.0,142,80,829,91
9,0.45,1775.1937984496124,229,139,732,129
49,0.8,1777.7777777777778,48,71,902,27
8,0.2,1779.7356828193833,404,227,545,228
7,0.15,1784.6715328467153,489,274,401,325
64,0.45,1785.7142857142858,75,42,795,163
26,0.95,1789.4736842105262,34,19,942,39
22,0.65,1789.4736842105262,68,38,879,83
11,0.65,1792.2077922077922,138,77,845,78
16,0.95,1793.103448275862,52,29,899,72
25,0.05,1798.6577181208054,268,328,149,523
17,0.7,1800.0,90,50,896,54
13,0.9,1800.0,72,42,918,40
35,1,1809.5238095238096,38,38,941,21
29,0.7,1809.5238095238096,38,21,932,47
30,0.6,1812.5,58,32,879,89
14,0.3,1812.9496402877699,252,139,661,200
8,0.15,1813.953488372093,468,258,427,315
18,0.8,1818.1818181818182,60,38,929,33
16,0.7,1818.1818181818182,80,44,894,62
11,0.2,1831.6326530612246,359,196,517,287
63,0.8,1833.3333333333333,22,54,934,12
40,1,1833.3333333333333,22,38,950,12
38,0.65,1833.3333333333333,44,24,927,49
16,0.8,1833.3333333333333,66,36,913,51
15,0.7,1833.3333333333333,88,53,899,48
12,0.95,1833.3333333333333,66,36,921,43
62,0.55,1843.75,59,32,864,104
25,0.9,1846.1538461538462,24,28,959,13
11,0.15,1849.7652582159624,394,213,438,349
14,0.75,1850.0,74,40,920,40
9,0.55,1855.7692307692307,193,118,778,104
48,1,1857.142857142857,26,47,939,14
38,0.5,1857.142857142857,78,42,869,89
33,0.6,1857.142857142857,52,93,879,28
22,0.05,1857.142857142857,273,390,147,463
41,0.5,1866.6666666666667,84,45,813,142
17,0.85,1870.967741935484,58,51,918,31
52,0.95,1875.0,30,36,948,16
12,0.7,1877.5510204081634,92,50,901,49
18,0.45,1878.3783783783783,139,74,775,151
63,0.85,1882.3529411764705,32,60,923,17
37,0.05,1883.495145631068,194,433,103,464
54,0.65,1885.7142857142858,66,139,826,35
10,0.4,1895.1612903225807,235,124,748,128
58,1,1900.0,19,33,957,10
18,1,1900.0,38,41,939,20
32,0.9,1909.090909090909,21,26,963,11
29,0.05,1909.090909090909,231,307,121,572
11,0.3,1914.2857142857142,335,175,638,187
33,0.45,1919.3548387096773,119,62,762,176
28,0.75,1920.0,48,25,896,79
16,0.9,1923.076923076923,50,26,905,69
13,1,1923.076923076923,50,26,943,31
23,0.85,1928.5714285714287,54,41,931,28
17,1,1928.5714285714287,54,28,930,42
13,0.35,1929.8245614035088,220,114,678,208
13,0.95,1937.5,62,32,930,38
13,0.8,1938.7755102040817,95,49,902,49
6,0.2,1941.860465116279,501,258,452,290
16,0.85,1944.4444444444443,70,36,917,47
17,0.5,1945.2054794520548,142,73,800,127
10,0.6,1945.945945945946,144,74,837,89
10,0.3,1946.1077844311378,325,167,607,226
11,0.25,1948.051948051948,300,154,617,229
41,0.05,1950.4950495049504,197,369,101,530
27,0.05,1964.6017699115043,222,300,113,587
22,0.5,1966.1016949152543,116,59,801,140
10,0.55,1978.021978021978,180,91,803,106
14,0.35,1981.4814814814815,214,108,701,191
7,0.25,1986.6666666666667,447,225,550,225
16,0.05,1993.7888198757764,321,376,161,463
55,1,2000.0,18,24,967,9
54,1,2000.0,20,31,959,10
53,0.95,2000.0,14,7,979,14
50,0.9,2000.0,42,61,918,21
42,0.55,2000.0,54,119,854,27
41,0.9,2000.0,14,23,970,7
38,0.9,2000.0,34,59,924,17
31,0.8,2000.0,34,17,923,60
22,0.8,2000.0,52,26,930,44
21,0.95,2000.0,44,22,935,43
20,0.95,2000.0,48,24,921,55
17,0.9,2000.0,56,28,892,80
14,0.95,2000.0,50,25,940,35
11,0.75,2000.0,84,42,905,53
9,0.5,2009.5238095238096,211,105,780,115
9,0.35,2013.888888888889,290,144,660,196
12,0.6,2014.9253731343283,135,67,832,101
33,0.05,2017.857142857143,226,459,112,429
42,0.45,2018.5185185185185,109,54,824,122
21,0.55,2020.8333333333333,97,103,849,48
11,0.35,2023.8095238095239,255,126,684,190
14,0.5,2037.9746835443038,161,79,794,127
63,0.65,2038.4615384615386,53,26,897,77
16,0.45,2040.0,153,75,759,166
9,0.65,2042.2535211267605,145,76,853,71
60,0.65,2047.6190476190477,43,21,905,74
17,0.05,2051.948051948052,316,387,154,459
3,0.1,2055.7275541795666,664,337,323,340
12,0.85,2057.1428571428573,72,44,921,35
24,0.7,2058.823529411765,70,34,899,67
40,0.05,2061.855670103093,200,349,97,554
11,0.95,2062.5,66,32,932,36
14,0.55,2066.6666666666665,124,87,853,60
12,0.8,2073.170731707317,85,41,890,69
9,0.7,2073.529411764706,141,81,851,68
19,0.05,2082.1917808219177,304,371,146,483
4,0.1,2090.0621118012423,673,327,322,351
51,1,2090.909090909091,23,40,949,11
9,0.75,2093.0232558139537,90,48,909,43
11,0.6,2094.3396226415093,111,63,884,53
6,0.4,2096.385542168675,348,166,664,170
26,0.05,2099.1735537190084,254,395,121,484
7,0.45,2101.6949152542375,248,118,758,124
36,0.85,2111.1111111111113,19,20,971,9
15,0.65,2113.6363636363635,93,44,875,81
55,0.8,2117.6470588235293,36,49,934,17
44,0.85,2117.6470588235293,36,75,908,17
7,0.3,2118.2795698924733,394,186,623,191
10,0.35,2122.1374045801526,278,131,686,183
21,0.05,2125.984251968504,270,398,127,475
5,0.1,2131.1475409836066,650,305,369,326
56,0.85,2133.3333333333335,32,61,924,15
42,1,2142.8571428571427,30,55,931,14
41,0.85,2142.8571428571427,30,83,903,14
10,0.45,2142.8571428571427,210,98,761,141
12,0.45,2146.067415730337,191,89,756,155
11,0.55,2146.6666666666665,161,75,836,89
6,0.35,2153.3333333333335,323,150,665,185
56,0.9,2153.846153846154,28,13,958,29
42,0.85,2153.846153846154,28,13,962,25
7,0.2,2157.1428571428573,453,210,493,297
10,0.65,2163.934426229508,132,61,870,69
46,0.6,2166.6666666666665,65,30,871,99
14,0.85,2166.6666666666665,78,36,928,36
12,1,2172.4137931034484,63,29,923,48
31,0.7,2173.913043478261,50,23,880,97
13,0.65,2175.438596491228,124,57,873,70
9,0.8,2175.438596491228,124,70,873,57
53,0.75,2181.818181818182,48,108,870,22
6,0.3,2182.8571428571427,382,175,598,227
15,0.05,2184.2105263157896,332,402,152,446
16,0.55,2188.6792452830186,116,53,808,139
10,0.8,2190.4761904761904,92,55,903,42
8,0.3,2190.751445086705,379,173,640,187
11,0.4,2192.3076923076924,228,104,723,173
58,0.65,2200.0,44,20,925,55
29,0.95,2200.0,22,43,947,10
10,0.5,2200.0,198,90,794,116
14,0.9,2206.896551724138,64,29,929,42
6,0.25,2208.1218274111675,435,197,537,266
20,0.05,2209.3023255813955,285,394,129,477
38,0.95,2210.5263157894738,42,46,935,19
37,0.75,2210.5263157894738,42,79,902,19
10,1,2212.121212121212,73,38,929,33
6,0.1,2218.4873949579833,528,372,238,390
8,0.5,2220.0,222,100,799,101
11,0.45,2232.3232323232323,221,99,792,109
38,0.85,2235.294117647059,38,64,919,17
63,0.45,2236.842105263158,85,38,774,188
8,0.25,2237.837837837838,414,185,586,229
15,1,2238.095238095238,47,21,908,71
24,0.8,2240.0,56,25,902,73
21,0.7,2242.4242424242425,74,33,869,98
63,0.9,2250.0,18,24,968,8
37,0.95,2250.0,27,49,939,12
31,0.5,2250.0,90,40,852,108
9,1,2250.0,54,29,947,24
6,0.65,2258.823529411765,192,85,825,90
3,0.15,2260.0,678,300,394,306
17,0.95,2260.8695652173915,52,42,935,23
18,0.05,2271.3178294573645,293,380,129,491
14,0.8,2272.7272727272725,75,38,929,33
9,0.9,2276.595744680851,107,47,895,58
52,0.75,2277.777777777778,41,106,876,18
4,0.15,2280.2768166089963,659,289,397,314
8,0.4,2289.7196261682243,245,107,760,133
13,0.45,2291.6666666666665,165,72,796,132
16,0.65,2292.682926829268,94,41,858,101
16,0.5,2295.0819672131147,140,61,796,143
36,0.75,2300.0,46,93,887,20
11,0.8,2300.0,92,43,917,40
40,0.95,2307.6923076923076,30,58,929,13
34,1,2307.6923076923076,30,13,953,34
13,0.55,2318.181818181818,153,66,806,128
64,0.9,2333.3333333333335,14,14,980,6
32,1,2333.3333333333335,28,47,941,12
14,0.7,2343.75,75,49,919,32
20,0.85,2352.9411764705883,40,46,937,17
55,0.95,2363.6363636363635,26,37,952,11
54,0.95,2363.6363636363635,26,60,929,11
11,0.7,2363.6363636363635,104,44,899,57
9,0.6,2366.1971830985917,168,71,828,101
13,0.7,2372.093023255814,102,43,883,74
6,0.45,2374.0458015267177,311,141,728,131
7,0.35,2381.679389312977,312,131,700,169
8,0.55,2386.6666666666665,179,75,838,87
10,0.75,2392.156862745098,122,51,878,71
19,0.85,2400.0,48,20,917,63
7,0.6,2400.0,192,80,831,89
17,0.4,2414.285714285714,169,70,738,192
7,0.5,2414.8936170212764,227,98,808,94
12,0.65,2415.0943396226417,128,53,843,104
10,0.95,2428.5714285714284,68,28,926,46
11,1,2434.782608695652,56,28,949,23
56,0.8,2444.4444444444443,22,37,954,9
8,0.35,2449.1525423728813,289,118,740,142
45,0.75,2454.5454545454545,54,100,878,22
17,0.75,2454.5454545454545,54,49,929,22
11,0.5,2460.5263157894738,187,76,819,105
41,0.75,2461.5384615384614,32,52,935,13
13,0.05,2471.830985915493,351,341,142,517
14,0.05,2482.9931972789113,365,387,147,466
55,0.75,2500.0,30,42,946,12
46,0.8,2500.0,30,74,914,12
34,0.7,2500.0,40,79,905,16
8,0.05,2500.0,465,398,186,416
12,0.9,2516.1290322580644,78,31,917,52
10,0.05,2522.292993630573,396,400,157,443
35,0.85,2526.315789473684,48,76,905,19
9,0.95,2531.25,81,32,910,58
56,0.95,2545.4545454545455,28,59,930,11
15,0.8,2555.5555555555557,69,52,921,27
13,0.75,2555.5555555555557,92,36,902,62
7,0.4,2555.5555555555557,276,108,750,142
6,0.5,2574.074074074074,278,108,757,135
8,0.9,2576.923076923077,67,26,947,27
44,0.8,2600.0,26,72,918,10
9,0.85,2608.695652173913,120,72,882,46
48,0.85,2615.3846153846152,34,62,925,13
47,0.9,2615.3846153846152,34,57,930,13
14,0.65,2615.3846153846152,102,39,876,85
5,0.15,2618.8524590163934,639,244,470,286
12,0.05,2629.032258064516,326,390,124,486
7,0.7,2638.2978723404253,124,50,903,47
6,0.6,2639.5348837209303,227,106,808,86
6,0.55,2653.4653465346537,268,101,788,111
6,0.7,2661.0169491525426,157,59,880,61
47,0.95,2666.6666666666665,24,52,939,9
12,0.55,2677.9661016949153,158,59,801,140
3,0.2,2718.3673469387754,666,245,478,277
8,0.45,2725.0,218,80,815,105
7,0.55,2728.5714285714284,191,70,851,79
13,0.85,2750.0,66,39,937,24
8,0.7,2754.7169811320755,146,66,881,53
6,0.8,2780.0,139,50,884,66
4,0.2,2781.3953488372094,598,215,550,235
11,0.05,2788.0794701986756,421,373,151,476
58,0.9,2800.0,14,27,968,5
7,0.65,2803.27868852459,171,61,857,82
6,0.85,2809.5238095238096,118,42,895,63
23,0.75,2833.3333333333335,51,45,937,18
8,0.75,2848.4848484848485,94,40,927,33
63,0.5,2857.1428571428573,80,28,825,147
43,0.9,2857.1428571428573,20,52,941,7
37,0.85,2866.6666666666665,43,80,905,15
3,0.25,2875.598086124402,601,228,563,209
6,1,2888.8888888888887,104,36,924,40
8,0.95,2896.551724137931,84,33,938,29
52,0.9,2909.090909090909,32,72,917,11
8,1,2916.6666666666665,70,24,951,25
36,0.9,2923.076923076923,38,75,912,13
35,0.95,2928.5714285714284,41,14,949,37
18,0.95,2941.176470588235,50,17,925,58
8,0.6,2947.3684210526317,168,57,865,78
5,0.2,2953.3678756476684,570,193,573,234
4,0.05,2990.867579908676,655,375,219,406
5,0.25,2994.5652173913045,551,187,629,184
37,0.9,3000.0,36,74,914,12
11,0.9,3000.0,72,24,942,34
7,1,3000.0,78,26,944,30
6,0.95,3034.4827586206898,88,29,936,35
3,0.3,3049.4505494505493,555,182,605,213
7,0.05,3052.6315789473683,464,389,152,459
6,0.9,3058.823529411765,104,34,919,47
8,0.8,3064.516129032258,95,31,922,47
3,0.4,3072.289156626506,510,166,667,167
9,0.05,3138.4615384615386,408,400,130,470
8,0.65,3150.943396226415,167,82,865,53
6,0.05,3210.8843537414964,472,420,147,433
10,0.9,3214.285714285714,90,28,925,47
4,0.3,3225.0,516,160,649,191
4,0.25,3233.5329341317365,540,167,615,218
3,0.45,3236.641221374046,424,131,723,146
5,0.4,3306.122448979592,324,100,802,98
49,0.7,3312.5,53,116,868,16
4,0.4,3349.5934959349593,412,123,743,134
7,0.9,3357.1428571428573,94,39,933,28
4,0.5,3371.134020618557,327,99,804,97
3,0.35,3373.3333333333335,506,150,663,187
59,0.8,3375.0,27,72,920,8
10,0.85,3392.8571428571427,95,28,913,59
6,0.75,3413.0434782608695,157,46,875,79
10,0.7,3437.5,110,32,891,77
5,0.05,3451.776649746193,680,374,197,429
55,0.85,3461.5384615384614,45,95,892,13
11,0.85,3473.684210526316,66,39,942,19
3,0.5,3495.6521739130435,402,133,752,115
5,0.3,3496.1832061068703,458,131,703,166
3,0.6,3506.6666666666665,263,75,846,79
5,0.35,3522.935779816514,384,131,760,109
43,0.95,3555.5555555555557,32,50,941,9
7,0.75,3564.102564102564,139,70,891,39
4,0.35,3584.7457627118642,423,118,739,143
44,1,3600.0,18,47,948,5
5,0.75,3636.3636363636365,120,33,931,36
4,0.9,3666.6666666666665,121,33,934,33
4,0.45,3680.4123711340208,357,97,784,119
3,0.65,3723.684210526316,283,76,845,79
8,0.85,3724.137931034483,108,54,917,29
5,0.55,3734.6938775510203,183,49,898,53
5,0.45,3746.987951807229,311,105,812,83
5,0.6,3760.8695652173915,173,46,904,50
3,0.7,3775.0,302,80,833,87
29,0.8,3777.777777777778,34,60,931,9
4,1,3814.814814814815,103,29,944,27
5,0.7,3825.0,153,40,914,46
3,0.55,3840.425531914894,361,94,780,126
7,0.85,3846.153846153846,100,26,924,50
5,0.5,3890.625,249,64,854,82
4,0.55,3890.625,249,64,862,74
4,0.6,3900.0,273,70,843,87
4,0.7,3905.6603773584907,207,53,884,63
3,0.95,3928.5714285714284,165,42,910,48
3,0.8,3934.4262295081967,240,61,868,71
4,0.75,3938.7755102040815,193,49,897,54
5,0.8,3942.8571428571427,138,39,926,35
4,0.85,3976.7441860465115,171,43,907,50
63,0.95,4000.0,12,23,974,3
62,0.85,4000.0,16,49,947,4
54,0.8,4000.0,28,58,935,7
41,0.95,4000.0,24,55,939,6
41,1,4000.0,36,42,949,9
33,0.85,4000.0,40,79,911,10
31,1,4000.0,20,44,951,5
5,1,4000.0,80,21,959,20
5,0.65,4080.0,204,70,880,50
3,0.85,4106.382978723404,193,47,896,57
5,0.9,4107.142857142857,115,28,939,33
7,0.95,4157.894736842105,79,19,938,43
4,0.65,4173.913043478261,192,46,896,58
3,0.75,4214.285714285715,236,56,866,78
34,0.95,4222.222222222223,38,80,911,9
7,0.8,4344.827586206897,126,29,911,60
3,1,4410.25641025641,172,39,910,51
3,0.05,4424.83660130719,677,407,153,440
39,0.9,4500.0,18,4,973,23
4,0.95,4500.0,117,26,935,39
3,0.9,4627.906976744186,199,43,893,64
47,0.8,4750.0,38,96,896,8
5,0.85,5090.909090909091,112,22,941,37
49,0.9,5200.0,26,63,932,5
4,0.8,5214.285714285715,146,28,922,50
45,0.9,5333.333333333333,32,85,909,6
49,0.85,5500.0,44,60,932,8
61,0.9,5666.666666666667,17,51,946,3
5,0.95,7272.727272727273,80,11,957,32
54,0.85,7750.0,31,75,921,4
62,0.9,9000.0,18,71,927,2
42,0.95,10000.0,30,86,911,3
61,1,80000000000.0,8,0,986,14
60,1,80000000000.0,8,0,986,14
59,1,80000000000.0,8,0,984,16
62,0.95,140000000000.0,14,68,932,0
49,0.95,280000000000.0,28,82,918,0
